Workbook

Sheet Cover
A1: EBRORA
A4: ebrora.com
A6: Early Warning / CE
A7: Aging Dashboard
A10: Monitor NEC early warnings and compensation events with response SLAs,
A11: aging buckets, overdue alerts, and status breakdown.
A15: This is a free template from Ebrora.
A16: For our full range of professional-grade construction management tools, visit ebrora.com
A19: © Ebrora 2026 — All rights reserved

Sheet Instructions
A1: How to Use This Template
A4: Getting Started
A5: 1. | B5: This template has two working sheets: 'Dashboard' (KPIs and aging analysis) and 'EW & CE Log' (detailed register).
A6: 2. | B6: Start with the 'EW & CE Log' sheet. Each row is one Early Warning or Compensation Event.
A7: 3. | B7: Enter the Ref, Type, Date Raised, Description, NEC Clause, Raised By, and Response Due Date.
A8: 4. | B8: The 'Age (Days)' column auto-calculates from Date Raised to today (or to Response Date if responded).
A9: 5. | B9: The 'Overdue' column flags Yes/No based on whether the age exceeds the SLA (14 days for EW, 28 days for CE).
A10: 6. | B10: Update the Status as items progress: Open, Responded, Under Assessment, Agreed, Rejected, Withdrawn.
A11: 7. | B11: The Dashboard auto-updates with KPI tiles, aging bucket counts, and status breakdowns pulling from the log.
A13: Colour Key
B14: Light teal cells (#E8F6F7) = User input / editable fields
B15: Dark navy headers (#1B2A4A) = Do not edit
B16: Green = Agreed/Withdrawn/Responded or within SLA
B17: Amber = Under Assessment or approaching SLA
B18: Red = Overdue (past SLA), Open with no response, or Rejected
A20: Tips
A21: Tip 1: | B21: Review the aging buckets weekly. Anything in the 29+ day bucket without a response is a contract compliance failure.
A22: Tip 2: | B22: The SLA for EW response is typically 2 weeks under NEC4. CEs have 4 weeks. Adjust in your log if your contract differs.
A23: Tip 3: | B23: Use the Dashboard at commercial meetings — the aging chart instantly shows whether the PM is keeping pace with notifications.

Sheet Dashboard
A1: Early Warning / CE — Aging Dashboard
A3: Total Early Warnings | C3: Total Comp. Events | E3: Overdue Items | G3: Avg Age (Days)
A4: =COUNTIF('EW & CE Log'!B2:B300,"Early Warning") -> 5 | C4: =COUNTIF('EW & CE Log'!B2:B300,"Compensation Event") -> 5 | E4: =COUNTIF('EW & CE Log'!K2:K300,"Yes") -> 0 | G4: =IF(COUNTA('EW & CE Log'!A2:A300)=0,"—",AVERAGE('EW & CE Log'!I2:I300)) -> 12.3
A6: Aging Analysis — Early Warnings | G6: Status Breakdown — All Items
A7: Aging Bucket | B7: Open | C7: Responded | D7: Total | E7: % of EWs | G7: Status | H7: EWs | I7: CEs | J7: Total
A8: 0–7 days | B8: =COUNTIFS('EW & CE Log'!B2:B300,"Early Warning",'EW & CE Log'!I2:I300,">=0",'EW & CE Log'!I2:I300,"<=7",'EW & CE Log'!L2:L300,"Open") -> 1 | C8: =COUNTIFS('EW & CE Log'!B2:B300,"Early Warning",'EW & CE Log'!I2:I300,">=0",'EW & CE Log'!I2:I300,"<=7",'EW & CE Log'!L2:L300,"<>Open") -> 2 | D8: =B8+C8 -> 3 | E8: =IF($B$4=0,"—",D8/$B$4) -> — | G8: Open | H8: =COUNTIFS('EW & CE Log'!B2:B300,"Early Warning",'EW & CE Log'!L2:L300,"Open") -> 2 | I8: =COUNTIFS('EW & CE Log'!B2:B300,"Compensation Event",'EW & CE Log'!L2:L300,"Open") -> 1 | J8: =H8+I8 -> 3
A9: 8–14 days | B9: =COUNTIFS('EW & CE Log'!B2:B300,"Early Warning",'EW & CE Log'!I2:I300,">=8",'EW & CE Log'!I2:I300,"<=14",'EW & CE Log'!L2:L300,"Open") -> 1 | C9: =COUNTIFS('EW & CE Log'!B2:B300,"Early Warning",'EW & CE Log'!I2:I300,">=8",'EW & CE Log'!I2:I300,"<=14",'EW & CE Log'!L2:L300,"<>Open") -> 1 | D9: =B9+C9 -> 2 | E9: =IF($B$4=0,"—",D9/$B$4) -> — | G9: Responded | H9: =COUNTIFS('EW & CE Log'!B2:B300,"Early Warning",'EW & CE Log'!L2:L300,"Responded") -> 2 | I9: =COUNTIFS('EW & CE Log'!B2:B300,"Compensation Event",'EW & CE Log'!L2:L300,"Responded") -> 0 | J9: =H9+I9 -> 2
A10: 15–28 days | B10: =COUNTIFS('EW & CE Log'!B2:B300,"Early Warning",'EW & CE Log'!I2:I300,">=15",'EW & CE Log'!I2:I300,"<=28",'EW & CE Log'!L2:L300,"Open") -> 0 | C10: =COUNTIFS('EW & CE Log'!B2:B300,"Early Warning",'EW & CE Log'!I2:I300,">=15",'EW & CE Log'!I2:I300,"<=28",'EW & CE Log'!L2:L300,"<>Open") -> 0 | D10: =B10+C10 -> 0 | E10: =IF($B$4=0,"—",D10/$B$4) -> — | G10: Under Assessment | H10: =COUNTIFS('EW & CE Log'!B2:B300,"Early Warning",'EW & CE Log'!L2:L300,"Under Assessment") -> 0 | I10: =COUNTIFS('EW & CE Log'!B2:B300,"Compensation Event",'EW & CE Log'!L2:L300,"Under Assessment") -> 1 | J10: =H10+I10 -> 1
A11: 29+ days | B11: =COUNTIFS('EW & CE Log'!B2:B300,"Early Warning",'EW & CE Log'!I2:I300,">=29",'EW & CE Log'!L2:L300,"Open") -> 0 | C11: =COUNTIFS('EW & CE Log'!B2:B300,"Early Warning",'EW & CE Log'!I2:I300,">=29",'EW & CE Log'!L2:L300,"<>Open") -> 0 | D11: =B11+C11 -> 0 | E11: =IF($B$4=0,"—",D11/$B$4) -> — | G11: Agreed | H11: =COUNTIFS('EW & CE Log'!B2:B300,"Early Warning",'EW & CE Log'!L2:L300,"Agreed") -> 1 | I11: =COUNTIFS('EW & CE Log'!B2:B300,"Compensation Event",'EW & CE Log'!L2:L300,"Agreed") -> 2 | J11: =H11+I11 -> 3
G12: Rejected | H12: =COUNTIFS('EW & CE Log'!B2:B300,"Early Warning",'EW & CE Log'!L2:L300,"Rejected") -> 0 | I12: =COUNTIFS('EW & CE Log'!B2:B300,"Compensation Event",'EW & CE Log'!L2:L300,"Rejected") -> 1 | J12: =H12+I12 -> 1
A13: Aging Analysis — Compensation Events | G13: Withdrawn | H13: =COUNTIFS('EW & CE Log'!B2:B300,"Early Warning",'EW & CE Log'!L2:L300,"Withdrawn") -> 0 | I13: =COUNTIFS('EW & CE Log'!B2:B300,"Compensation Event",'EW & CE Log'!L2:L300,"Withdrawn") -> 0 | J13: =H13+I13 -> 0
A14: Aging Bucket | B14: Open | C14: Responded | D14: Total | E14: % of CEs
A15: 0–14 days | B15: =COUNTIFS('EW & CE Log'!B2:B300,"Compensation Event",'EW & CE Log'!I2:I300,">=0",'EW & CE Log'!I2:I300,"<=14",'EW & CE Log'!L2:L300,"Open") -> 0 | C15: =COUNTIFS('EW & CE Log'!B2:B300,"Compensation Event",'EW & CE Log'!I2:I300,">=0",'EW & CE Log'!I2:I300,"<=14",'EW & CE Log'!L2:L300,"<>Open") -> 3 | D15: =B15+C15 -> 3 | E15: =IF($D$4=0,"—",D15/$D$4) -> —
A16: 15–28 days | B16: =COUNTIFS('EW & CE Log'!B2:B300,"Compensation Event",'EW & CE Log'!I2:I300,">=15",'EW & CE Log'!I2:I300,"<=28",'EW & CE Log'!L2:L300,"Open") -> 1 | C16: =COUNTIFS('EW & CE Log'!B2:B300,"Compensation Event",'EW & CE Log'!I2:I300,">=15",'EW & CE Log'!I2:I300,"<=28",'EW & CE Log'!L2:L300,"<>Open") -> 0 | D16: =B16+C16 -> 1 | E16: =IF($D$4=0,"—",D16/$D$4) -> —
A17: 29–42 days | B17: =COUNTIFS('EW & CE Log'!B2:B300,"Compensation Event",'EW & CE Log'!I2:I300,">=29",'EW & CE Log'!I2:I300,"<=42",'EW & CE Log'!L2:L300,"Open") -> 0 | C17: =COUNTIFS('EW & CE Log'!B2:B300,"Compensation Event",'EW & CE Log'!I2:I300,">=29",'EW & CE Log'!I2:I300,"<=42",'EW & CE Log'!L2:L300,"<>Open") -> 0 | D17: =B17+C17 -> 0 | E17: =IF($D$4=0,"—",D17/$D$4) -> —
A18: 43+ days | B18: =COUNTIFS('EW & CE Log'!B2:B300,"Compensation Event",'EW & CE Log'!I2:I300,">=43",'EW & CE Log'!L2:L300,"Open") -> 0 | C18: =COUNTIFS('EW & CE Log'!B2:B300,"Compensation Event",'EW & CE Log'!I2:I300,">=43",'EW & CE Log'!L2:L300,"<>Open") -> 1 | D18: =B18+C18 -> 1 | E18: =IF($D$4=0,"—",D18/$D$4) -> —

Sheet EW & CE Log
A1: Ref | B1: Type | C1: Date Raised | D1: Description | E1: NEC Clause | F1: Raised By | G1: Response Due | H1: Response Date | I1: Age (Days) | J1: SLA (Days) | K1: Overdue | L1: Status | M1: Cost Impact (£) | N1: Time Impact (wks) | O1: Notes
A2: EW-001 | B2: Early Warning | C2: 46045 | D2: Ground conditions worse than GI report at storm tanks | E2: Cl 16.1 | F2: Contractor | G2: 46059 | H2: 46050 | I2: =IF(C2="","",IF(H2<>"",H2-C2,TODAY()-C2)) -> 5 | J2: =IF(B2="Early Warning",14,IF(B2="Compensation Event",28,"")) -> 14 | K2: =IF(OR(C2="",J2=""),"",IF(AND(I2>J2,OR(L2="Open",L2="")),"Yes","No")) -> No | L2: Responded | M2: 45000 | N2: 2 | O2: Discussed at RRM
A3: EW-002 | B3: Early Warning | C3: 46060 | D3: UV system supplier delay — 6 week potential | E3: Cl 16.1 | F3: PM | G3: 46074 | H3: 46063 | I3: =IF(C3="","",IF(H3<>"",H3-C3,TODAY()-C3)) -> 3 | J3: =IF(B3="Early Warning",14,IF(B3="Compensation Event",28,"")) -> 14 | K3: =IF(OR(C3="",J3=""),"",IF(AND(I3>J3,OR(L3="Open",L3="")),"Yes","No")) -> No | L3: Responded | M3: 0 | N3: 0 | O3: Alternative sourcing underway
A4: EW-003 | B4: Early Warning | C4: 46095 | D4: Asbestos found in existing building | E4: Cl 16.1 | F4: Contractor | G4: 46109 | I4: =IF(C4="","",IF(H4<>"",H4-C4,TODAY()-C4)) -> 10 | J4: =IF(B4="Early Warning",14,IF(B4="Compensation Event",28,"")) -> 14 | K4: =IF(OR(C4="",J4=""),"",IF(AND(I4>J4,OR(L4="Open",L4="")),"Yes","No")) -> No | L4: Open | M4: 0 | N4: 0 | O4: Survey commissioned
A5: EW-004 | B5: Early Warning | C5: 46100 | D5: Utility diversion works may clash with highway closure restrictions | E5: Cl 16.1 | F5: Contractor | G5: 46114 | I5: =IF(C5="","",IF(H5<>"",H5-C5,TODAY()-C5)) -> 5 | J5: =IF(B5="Early Warning",14,IF(B5="Compensation Event",28,"")) -> 14 | K5: =IF(OR(C5="",J5=""),"",IF(AND(I5>J5,OR(L5="Open",L5="")),"Yes","No")) -> No | L5: Open | M5: 0 | N5: 0
A6: EW-005 | B6: Early Warning | C6: 46075 | D6: Concrete supply shortage reported by supplier | E6: Cl 16.1 | F6: Contractor | G6: 46089 | H6: 46083 | I6: =IF(C6="","",IF(H6<>"",H6-C6,TODAY()-C6)) -> 8 | J6: =IF(B6="Early Warning",14,IF(B6="Compensation Event",28,"")) -> 14 | K6: =IF(OR(C6="",J6=""),"",IF(AND(I6>J6,OR(L6="Open",L6="")),"Yes","No")) -> No | L6: Agreed | M6: 0 | N6: 0 | O6: Resolved — alternative supplier
A7: CE-001 | B7: Compensation Event | C7: 46065 | D7: Instructed change: inlet screens 6mm to 3mm | E7: Cl 60.1(1) | F7: PM | G7: 46093 | H7: 46070 | I7: =IF(C7="","",IF(H7<>"",H7-C7,TODAY()-C7)) -> 5 | J7: =IF(B7="Early Warning",14,IF(B7="Compensation Event",28,"")) -> 28 | K7: =IF(OR(C7="",J7=""),"",IF(AND(I7>J7,OR(L7="Open",L7="")),"Yes","No")) -> No | L7: Under Assessment | M7: 82000 | N7: 3 | O7: Quotation submitted
A8: CE-002 | B8: Compensation Event | C8: 46045 | D8: Omission of Phase 1 landscaping — credit | E8: Cl 60.1(1) | F8: PM | G8: 46073 | H8: 46047 | I8: =IF(C8="","",IF(H8<>"",H8-C8,TODAY()-C8)) -> 2 | J8: =IF(B8="Early Warning",14,IF(B8="Compensation Event",28,"")) -> 28 | K8: =IF(OR(C8="",J8=""),"",IF(AND(I8>J8,OR(L8="Open",L8="")),"Yes","No")) -> No | L8: Agreed | M8: -35000 | N8: -1 | O8: Negative CE
A9: CE-003 | B9: Compensation Event | C9: 46075 | D9: Additional excavation quantity — rock at storm tanks | E9: Cl 60.4 | F9: Contractor | G9: 46103 | H9: 46085 | I9: =IF(C9="","",IF(H9<>"",H9-C9,TODAY()-C9)) -> 10 | J9: =IF(B9="Early Warning",14,IF(B9="Compensation Event",28,"")) -> 28 | K9: =IF(OR(C9="",J9=""),"",IF(AND(I9>J9,OR(L9="Open",L9="")),"Yes","No")) -> No | L9: Agreed | M9: 48150 | N9: 0 | O9: Rates per BOQ
A10: CE-004 | B10: Compensation Event | C10: 46080 | D10: Prolongation claim — 3 weeks delay ground conditions | E10: Cl 60.1(12) | F10: Contractor | G10: 46108 | I10: =IF(C10="","",IF(H10<>"",H10-C10,TODAY()-C10)) -> 25 | J10: =IF(B10="Early Warning",14,IF(B10="Compensation Event",28,"")) -> 28 | K10: =IF(OR(C10="",J10=""),"",IF(AND(I10>J10,OR(L10="Open",L10="")),"Yes","No")) -> No | L10: Open | M10: 126000 | N10: 3 | O10: Under review by PM
A11: CE-005 | B11: Compensation Event | C11: 46055 | D11: Working restrictions adj. live process — productivity loss | E11: Cl 60.1(12) | F11: Contractor | G11: 46083 | I11: =IF(C11="","",IF(H11<>"",H11-C11,TODAY()-C11)) -> 50 | J11: =IF(B11="Early Warning",14,IF(B11="Compensation Event",28,"")) -> 28 | K11: =IF(OR(C11="",J11=""),"",IF(AND(I11>J11,OR(L11="Open",L11="")),"Yes","No")) -> No | L11: Rejected | M11: 64000 | N11: 0 | O11: PM states contractor risk
I12: =IF(C12="","",IF(H12<>"",H12-C12,TODAY()-C12)) | J12: =IF(B12="Early Warning",14,IF(B12="Compensation Event",28,"")) | K12: =IF(OR(C12="",J12=""),"",IF(AND(I12>J12,OR(L12="Open",L12="")),"Yes","No"))
I13: =IF(C13="","",IF(H13<>"",H13-C13,TODAY()-C13)) | J13: =IF(B13="Early Warning",14,IF(B13="Compensation Event",28,"")) | K13: =IF(OR(C13="",J13=""),"",IF(AND(I13>J13,OR(L13="Open",L13="")),"Yes","No"))
I14: =IF(C14="","",IF(H14<>"",H14-C14,TODAY()-C14)) | J14: =IF(B14="Early Warning",14,IF(B14="Compensation Event",28,"")) | K14: =IF(OR(C14="",J14=""),"",IF(AND(I14>J14,OR(L14="Open",L14="")),"Yes","No"))
I15: =IF(C15="","",IF(H15<>"",H15-C15,TODAY()-C15)) | J15: =IF(B15="Early Warning",14,IF(B15="Compensation Event",28,"")) | K15: =IF(OR(C15="",J15=""),"",IF(AND(I15>J15,OR(L15="Open",L15="")),"Yes","No"))
I16: =IF(C16="","",IF(H16<>"",H16-C16,TODAY()-C16)) | J16: =IF(B16="Early Warning",14,IF(B16="Compensation Event",28,"")) | K16: =IF(OR(C16="",J16=""),"",IF(AND(I16>J16,OR(L16="Open",L16="")),"Yes","No"))
I17: =IF(C17="","",IF(H17<>"",H17-C17,TODAY()-C17)) | J17: =IF(B17="Early Warning",14,IF(B17="Compensation Event",28,"")) | K17: =IF(OR(C17="",J17=""),"",IF(AND(I17>J17,OR(L17="Open",L17="")),"Yes","No"))
I18: =IF(C18="","",IF(H18<>"",H18-C18,TODAY()-C18)) | J18: =IF(B18="Early Warning",14,IF(B18="Compensation Event",28,"")) | K18: =IF(OR(C18="",J18=""),"",IF(AND(I18>J18,OR(L18="Open",L18="")),"Yes","No"))
I19: =IF(C19="","",IF(H19<>"",H19-C19,TODAY()-C19)) | J19: =IF(B19="Early Warning",14,IF(B19="Compensation Event",28,"")) | K19: =IF(OR(C19="",J19=""),"",IF(AND(I19>J19,OR(L19="Open",L19="")),"Yes","No"))
I20: =IF(C20="","",IF(H20<>"",H20-C20,TODAY()-C20)) | J20: =IF(B20="Early Warning",14,IF(B20="Compensation Event",28,"")) | K20: =IF(OR(C20="",J20=""),"",IF(AND(I20>J20,OR(L20="Open",L20="")),"Yes","No"))
I21: =IF(C21="","",IF(H21<>"",H21-C21,TODAY()-C21)) | J21: =IF(B21="Early Warning",14,IF(B21="Compensation Event",28,"")) | K21: =IF(OR(C21="",J21=""),"",IF(AND(I21>J21,OR(L21="Open",L21="")),"Yes","No"))
I22: =IF(C22="","",IF(H22<>"",H22-C22,TODAY()-C22)) | J22: =IF(B22="Early Warning",14,IF(B22="Compensation Event",28,"")) | K22: =IF(OR(C22="",J22=""),"",IF(AND(I22>J22,OR(L22="Open",L22="")),"Yes","No"))
I23: =IF(C23="","",IF(H23<>"",H23-C23,TODAY()-C23)) | J23: =IF(B23="Early Warning",14,IF(B23="Compensation Event",28,"")) | K23: =IF(OR(C23="",J23=""),"",IF(AND(I23>J23,OR(L23="Open",L23="")),"Yes","No"))
... I300: =IF(C300="","",IF(H300<>"",H300-C300,TODAY()-C300)) | J300: =IF(B300="Early Warning",14,IF(B300="Compensation Event",28,"")) | K300: =IF(OR(C300="",J300=""),"",IF(AND(I300>J300,OR(L300="Open",L300="")),"Yes","No"))

Sheet Terms of Use
A1: EBRORA — TERMS OF USE
A3: This template is provided free of charge by Ebrora (ebrora.com) for personal and professional use.
A5: LICENCE: You may use this template for your own projects. You may not resell, redistribute, or claim authorship of this template.
A6: NO WARRANTY: This template is provided "as is" without warranty of any kind. Ebrora accepts no liability for errors, omissions, or losses arising from use of this template.
A7: INTELLECTUAL PROPERTY: All design, layout, branding, and content remain the intellectual property of Ebrora.
A8: MODIFICATIONS: You may modify this template for your own use. Modified versions may not be distributed or sold.
A9: ATTRIBUTION: If you share outputs generated using this template, attribution to Ebrora (ebrora.com) is appreciated but not required.
A10: SUPPORT: For queries, feedback, or to report errors, contact support@ebrora.com.
A12: For our full range of professional construction management tools, visit ebrora.com.
