Workbook

Sheet Cover
A1: EBRORA
A4: ebrora.com
A6: Process Proving
A7: KPI Tracker
A10: Track sample results against consent limits during process proving
A11: with automated pass/fail assessment and compliance KPIs.
A15: This is a free template from Ebrora.
A16: For our full range of professional-grade construction management tools, visit ebrora.com
A19: © Ebrora 2026 — All rights reserved

Sheet Instructions
A1: How to Use This Template
A4: Getting Started
A5: 1. | B5: This template has two working sheets: the 'Dashboard' (summary KPIs) and the 'Sample Data' (detailed results log).
A6: 2. | B6: Start with the 'Sample Data' sheet. Each row records one sample result for one parameter.
A7: 3. | B7: Enter the Sample Ref, Date, Parameter (from dropdown), Consent Limit, Limit Type, and actual Result.
A8: 4. | B8: The Pass/Fail column auto-calculates based on the Result vs Consent Limit. For 'Max' limits, Result must be ≤ Limit to pass.
A9: 5. | B9: The 'Dashboard' sheet auto-updates with KPIs: total samples, pass rate, failures by parameter, and consent compliance.
A10: 6. | B10: Parameters include: BOD, Suspended Solids, Ammonia, Total Phosphorus, pH (lower), pH (upper), Flow, and Total Nitrogen.
A11: 7. | B11: All formulas reference the Sample Data sheet — do not manually edit the Dashboard KPI values.
A13: Colour Key
B14: Light teal cells (#E8F6F7) = User input / editable fields
B15: Dark navy headers (#1B2A4A) = Do not edit
B16: Green = Pass (result within consent limit)
B17: Red = Fail (result exceeds consent limit)
B18: Amber = Approaching limit (result ≥ 80% of consent limit)
A20: Tips
A21: Tip 1: | B21: During process proving, sample daily and log results immediately. Gaps in the data record will be flagged by the EA/regulator.
A22: Tip 2: | B22: Use the Dashboard to present compliance evidence at progress meetings — it's far more effective than a spreadsheet of raw numbers.
A23: Tip 3: | B23: If a parameter fails, record the corrective action in the Notes column. This demonstrates proactive management to the regulator.

Sheet Dashboard
A1: Process Proving — Compliance Dashboard
A3: Total Samples | C3: Overall Pass Rate | E3: Total Failures | G3: Parameters Tracked
A4: =COUNTA('Sample Data'!A2:A500) -> 15 | C4: =IF(COUNTA('Sample Data'!A2:A500)=0,"—",COUNTIF('Sample Data'!H2:H500,"Pass")/COUNTA('Sample Data'!A2:A500)) -> 0.86666667 | E4: =COUNTIF('Sample Data'!H2:H500,"Fail") -> 2 | G4: =SUMPRODUCT((LEN('Sample Data'!C2:C500)>0)/COUNTIF('Sample Data'!C2:C500,'Sample Data'!C2:C500&"")) -> 8
A6: Compliance by Parameter
A7: Parameter | B7: Samples | C7: Passes | D7: Fails | E7: Pass Rate | F7: Avg Result | G7: Consent Limit | H7: Status
A8: BOD | B8: =COUNTIF('Sample Data'!C2:C500,"BOD") -> 3 | C8: =COUNTIFS('Sample Data'!C2:C500,"BOD",'Sample Data'!H2:H500,"Pass") -> 2 | D8: =COUNTIFS('Sample Data'!C2:C500,"BOD",'Sample Data'!H2:H500,"Fail") -> 1 | E8: =IF(B8=0,"—",C8/B8) -> 0.66666667 | F8: =IF(B8=0,"—",AVERAGEIF('Sample Data'!C2:C500,"BOD",'Sample Data'!G2:G500)) -> 16.766667 | G8: =IF(B8=0,"—",INDEX('Sample Data'!D2:D500,MATCH("BOD",'Sample Data'!C2:C500,0))) -> 20 | H8: =IF(B8=0,"—",IF(D8=0,"Compliant","Non-Compliant")) -> Non-Compliant
A9: Suspended Solids | B9: =COUNTIF('Sample Data'!C2:C500,"Suspended Solids") -> 3 | C9: =COUNTIFS('Sample Data'!C2:C500,"Suspended Solids",'Sample Data'!H2:H500,"Pass") -> 2 | D9: =COUNTIFS('Sample Data'!C2:C500,"Suspended Solids",'Sample Data'!H2:H500,"Fail") -> 1 | E9: =IF(B9=0,"—",C9/B9) -> 0.66666667 | F9: =IF(B9=0,"—",AVERAGEIF('Sample Data'!C2:C500,"Suspended Solids",'Sample Data'!G2:G500)) -> 26 | G9: =IF(B9=0,"—",INDEX('Sample Data'!D2:D500,MATCH("Suspended Solids",'Sample Data'!C2:C500,0))) -> 30 | H9: =IF(B9=0,"—",IF(D9=0,"Compliant","Non-Compliant")) -> Non-Compliant
A10: Ammonia | B10: =COUNTIF('Sample Data'!C2:C500,"Ammonia") -> 3 | C10: =COUNTIFS('Sample Data'!C2:C500,"Ammonia",'Sample Data'!H2:H500,"Pass") -> 3 | D10: =COUNTIFS('Sample Data'!C2:C500,"Ammonia",'Sample Data'!H2:H500,"Fail") -> 0 | E10: =IF(B10=0,"—",C10/B10) -> 1 | F10: =IF(B10=0,"—",AVERAGEIF('Sample Data'!C2:C500,"Ammonia",'Sample Data'!G2:G500)) -> 3.3666667 | G10: =IF(B10=0,"—",INDEX('Sample Data'!D2:D500,MATCH("Ammonia",'Sample Data'!C2:C500,0))) -> 5 | H10: =IF(B10=0,"—",IF(D10=0,"Compliant","Non-Compliant")) -> Compliant
A11: Total Phosphorus | B11: =COUNTIF('Sample Data'!C2:C500,"Total Phosphorus") -> 2 | C11: =COUNTIFS('Sample Data'!C2:C500,"Total Phosphorus",'Sample Data'!H2:H500,"Pass") -> 2 | D11: =COUNTIFS('Sample Data'!C2:C500,"Total Phosphorus",'Sample Data'!H2:H500,"Fail") -> 0 | E11: =IF(B11=0,"—",C11/B11) -> 1 | F11: =IF(B11=0,"—",AVERAGEIF('Sample Data'!C2:C500,"Total Phosphorus",'Sample Data'!G2:G500)) -> 0.735 | G11: =IF(B11=0,"—",INDEX('Sample Data'!D2:D500,MATCH("Total Phosphorus",'Sample Data'!C2:C500,0))) -> 1 | H11: =IF(B11=0,"—",IF(D11=0,"Compliant","Non-Compliant")) -> Compliant
A12: pH (lower) | B12: =COUNTIF('Sample Data'!C2:C500,"pH (lower)") -> 1 | C12: =COUNTIFS('Sample Data'!C2:C500,"pH (lower)",'Sample Data'!H2:H500,"Pass") -> 1 | D12: =COUNTIFS('Sample Data'!C2:C500,"pH (lower)",'Sample Data'!H2:H500,"Fail") -> 0 | E12: =IF(B12=0,"—",C12/B12) -> 1 | F12: =IF(B12=0,"—",AVERAGEIF('Sample Data'!C2:C500,"pH (lower)",'Sample Data'!G2:G500)) -> 7.1 | G12: =IF(B12=0,"—",INDEX('Sample Data'!D2:D500,MATCH("pH (lower)",'Sample Data'!C2:C500,0))) -> 6 | H12: =IF(B12=0,"—",IF(D12=0,"Compliant","Non-Compliant")) -> Compliant
A13: pH (upper) | B13: =COUNTIF('Sample Data'!C2:C500,"pH (upper)") -> 1 | C13: =COUNTIFS('Sample Data'!C2:C500,"pH (upper)",'Sample Data'!H2:H500,"Pass") -> 1 | D13: =COUNTIFS('Sample Data'!C2:C500,"pH (upper)",'Sample Data'!H2:H500,"Fail") -> 0 | E13: =IF(B13=0,"—",C13/B13) -> 1 | F13: =IF(B13=0,"—",AVERAGEIF('Sample Data'!C2:C500,"pH (upper)",'Sample Data'!G2:G500)) -> 7.8 | G13: =IF(B13=0,"—",INDEX('Sample Data'!D2:D500,MATCH("pH (upper)",'Sample Data'!C2:C500,0))) -> 9 | H13: =IF(B13=0,"—",IF(D13=0,"Compliant","Non-Compliant")) -> Compliant
A14: Flow | B14: =COUNTIF('Sample Data'!C2:C500,"Flow") -> 1 | C14: =COUNTIFS('Sample Data'!C2:C500,"Flow",'Sample Data'!H2:H500,"Pass") -> 1 | D14: =COUNTIFS('Sample Data'!C2:C500,"Flow",'Sample Data'!H2:H500,"Fail") -> 0 | E14: =IF(B14=0,"—",C14/B14) -> 1 | F14: =IF(B14=0,"—",AVERAGEIF('Sample Data'!C2:C500,"Flow",'Sample Data'!G2:G500)) -> 4200 | G14: =IF(B14=0,"—",INDEX('Sample Data'!D2:D500,MATCH("Flow",'Sample Data'!C2:C500,0))) -> 5000 | H14: =IF(B14=0,"—",IF(D14=0,"Compliant","Non-Compliant")) -> Compliant
A15: Total Nitrogen | B15: =COUNTIF('Sample Data'!C2:C500,"Total Nitrogen") -> 1 | C15: =COUNTIFS('Sample Data'!C2:C500,"Total Nitrogen",'Sample Data'!H2:H500,"Pass") -> 1 | D15: =COUNTIFS('Sample Data'!C2:C500,"Total Nitrogen",'Sample Data'!H2:H500,"Fail") -> 0 | E15: =IF(B15=0,"—",C15/B15) -> 1 | F15: =IF(B15=0,"—",AVERAGEIF('Sample Data'!C2:C500,"Total Nitrogen",'Sample Data'!G2:G500)) -> 11.5 | G15: =IF(B15=0,"—",INDEX('Sample Data'!D2:D500,MATCH("Total Nitrogen",'Sample Data'!C2:C500,0))) -> 15 | H15: =IF(B15=0,"—",IF(D15=0,"Compliant","Non-Compliant")) -> Compliant

Sheet Sample Data
A1: Sample Ref | B1: Date | C1: Parameter | D1: Consent Limit | E1: Limit Type | F1: Unit | G1: Result | H1: Pass / Fail | I1: Sampled By | J1: Lab Ref | K1: Notes
A2: PP-001 | B2: 46091 | C2: BOD | D2: 20 | E2: Max | F2: mg/l | G2: 12.5 | H2: =IF(OR(G2="",D2=""),"",IF(E2="Min",IF(G2>=D2,"Pass","Fail"),IF(G2<=D2,"Pass","Fail"))) -> Pass | I2: A. Khan | J2: LAB-2026-0441
A3: PP-002 | B3: 46091 | C3: Suspended Solids | D3: 30 | E3: Max | F3: mg/l | G3: 18 | H3: =IF(OR(G3="",D3=""),"",IF(E3="Min",IF(G3>=D3,"Pass","Fail"),IF(G3<=D3,"Pass","Fail"))) -> Pass | I3: A. Khan | J3: LAB-2026-0442
A4: PP-003 | B4: 46091 | C4: Ammonia | D4: 5 | E4: Max | F4: mg/l | G4: 3.2 | H4: =IF(OR(G4="",D4=""),"",IF(E4="Min",IF(G4>=D4,"Pass","Fail"),IF(G4<=D4,"Pass","Fail"))) -> Pass | I4: A. Khan | J4: LAB-2026-0443
A5: PP-004 | B5: 46091 | C5: Total Phosphorus | D5: 1 | E5: Max | F5: mg/l | G5: 0.85 | H5: =IF(OR(G5="",D5=""),"",IF(E5="Min",IF(G5>=D5,"Pass","Fail"),IF(G5<=D5,"Pass","Fail"))) -> Pass | I5: A. Khan | J5: LAB-2026-0444 | K5: Approaching limit
A6: PP-005 | B6: 46091 | C6: pH (lower) | D6: 6 | E6: Min | F6: pH | G6: 7.1 | H6: =IF(OR(G6="",D6=""),"",IF(E6="Min",IF(G6>=D6,"Pass","Fail"),IF(G6<=D6,"Pass","Fail"))) -> Pass | I6: A. Khan | J6: LAB-2026-0445
A7: PP-006 | B7: 46098 | C7: BOD | D7: 20 | E7: Max | F7: mg/l | G7: 15.8 | H7: =IF(OR(G7="",D7=""),"",IF(E7="Min",IF(G7>=D7,"Pass","Fail"),IF(G7<=D7,"Pass","Fail"))) -> Pass | I7: J. Davies | J7: LAB-2026-0501
A8: PP-007 | B8: 46098 | C8: Suspended Solids | D8: 30 | E8: Max | F8: mg/l | G8: 35 | H8: =IF(OR(G8="",D8=""),"",IF(E8="Min",IF(G8>=D8,"Pass","Fail"),IF(G8<=D8,"Pass","Fail"))) -> Fail | I8: J. Davies | J8: LAB-2026-0502 | K8: Failed — increased RAS rate
A9: PP-008 | B9: 46098 | C9: Ammonia | D9: 5 | E9: Max | F9: mg/l | G9: 4.8 | H9: =IF(OR(G9="",D9=""),"",IF(E9="Min",IF(G9>=D9,"Pass","Fail"),IF(G9<=D9,"Pass","Fail"))) -> Pass | I9: J. Davies | J9: LAB-2026-0503 | K9: Close to limit
A10: PP-009 | B10: 46098 | C10: Total Phosphorus | D10: 1 | E10: Max | F10: mg/l | G10: 0.62 | H10: =IF(OR(G10="",D10=""),"",IF(E10="Min",IF(G10>=D10,"Pass","Fail"),IF(G10<=D10,"Pass","Fail"))) -> Pass | I10: J. Davies | J10: LAB-2026-0504
A11: PP-010 | B11: 46098 | C11: pH (upper) | D11: 9 | E11: Max | F11: pH | G11: 7.8 | H11: =IF(OR(G11="",D11=""),"",IF(E11="Min",IF(G11>=D11,"Pass","Fail"),IF(G11<=D11,"Pass","Fail"))) -> Pass | I11: J. Davies | J11: LAB-2026-0505
A12: PP-011 | B12: 46102 | C12: BOD | D12: 20 | E12: Max | F12: mg/l | G12: 22 | H12: =IF(OR(G12="",D12=""),"",IF(E12="Min",IF(G12>=D12,"Pass","Fail"),IF(G12<=D12,"Pass","Fail"))) -> Fail | I12: A. Khan | J12: LAB-2026-0561 | K12: Failed — storm event, notified EA
A13: PP-012 | B13: 46102 | C13: Suspended Solids | D13: 30 | E13: Max | F13: mg/l | G13: 25 | H13: =IF(OR(G13="",D13=""),"",IF(E13="Min",IF(G13>=D13,"Pass","Fail"),IF(G13<=D13,"Pass","Fail"))) -> Pass | I13: A. Khan | J13: LAB-2026-0562
A14: PP-013 | B14: 46102 | C14: Ammonia | D14: 5 | E14: Max | F14: mg/l | G14: 2.1 | H14: =IF(OR(G14="",D14=""),"",IF(E14="Min",IF(G14>=D14,"Pass","Fail"),IF(G14<=D14,"Pass","Fail"))) -> Pass | I14: A. Khan | J14: LAB-2026-0563
A15: PP-014 | B15: 46102 | C15: Flow | D15: 5000 | E15: Max | F15: m³/d | G15: 4200 | H15: =IF(OR(G15="",D15=""),"",IF(E15="Min",IF(G15>=D15,"Pass","Fail"),IF(G15<=D15,"Pass","Fail"))) -> Pass | I15: A. Khan | J15: LAB-2026-0564 | K15: DWF measurement
A16: PP-015 | B16: 46102 | C16: Total Nitrogen | D16: 15 | E16: Max | F16: mg/l | G16: 11.5 | H16: =IF(OR(G16="",D16=""),"",IF(E16="Min",IF(G16>=D16,"Pass","Fail"),IF(G16<=D16,"Pass","Fail"))) -> Pass | I16: A. Khan | J16: LAB-2026-0565
H17: =IF(OR(G17="",D17=""),"",IF(E17="Min",IF(G17>=D17,"Pass","Fail"),IF(G17<=D17,"Pass","Fail")))
H18: =IF(OR(G18="",D18=""),"",IF(E18="Min",IF(G18>=D18,"Pass","Fail"),IF(G18<=D18,"Pass","Fail")))
H19: =IF(OR(G19="",D19=""),"",IF(E19="Min",IF(G19>=D19,"Pass","Fail"),IF(G19<=D19,"Pass","Fail")))
H20: =IF(OR(G20="",D20=""),"",IF(E20="Min",IF(G20>=D20,"Pass","Fail"),IF(G20<=D20,"Pass","Fail")))
H21: =IF(OR(G21="",D21=""),"",IF(E21="Min",IF(G21>=D21,"Pass","Fail"),IF(G21<=D21,"Pass","Fail")))
H22: =IF(OR(G22="",D22=""),"",IF(E22="Min",IF(G22>=D22,"Pass","Fail"),IF(G22<=D22,"Pass","Fail")))
H23: =IF(OR(G23="",D23=""),"",IF(E23="Min",IF(G23>=D23,"Pass","Fail"),IF(G23<=D23,"Pass","Fail")))
H24: =IF(OR(G24="",D24=""),"",IF(E24="Min",IF(G24>=D24,"Pass","Fail"),IF(G24<=D24,"Pass","Fail")))
H25: =IF(OR(G25="",D25=""),"",IF(E25="Min",IF(G25>=D25,"Pass","Fail"),IF(G25<=D25,"Pass","Fail")))
H26: =IF(OR(G26="",D26=""),"",IF(E26="Min",IF(G26>=D26,"Pass","Fail"),IF(G26<=D26,"Pass","Fail")))
H27: =IF(OR(G27="",D27=""),"",IF(E27="Min",IF(G27>=D27,"Pass","Fail"),IF(G27<=D27,"Pass","Fail")))
H28: =IF(OR(G28="",D28=""),"",IF(E28="Min",IF(G28>=D28,"Pass","Fail"),IF(G28<=D28,"Pass","Fail")))
... H500: =IF(OR(G500="",D500=""),"",IF(E500="Min",IF(G500>=D500,"Pass","Fail"),IF(G500<=D500,"Pass","Fail")))

Sheet Terms of Use
A1: EBRORA — TERMS OF USE
A3: This template is provided free of charge by Ebrora (ebrora.com) for personal and professional use.
A5: LICENCE: You may use this template for your own projects. You may not resell, redistribute, or claim authorship of this template.
A6: NO WARRANTY: This template is provided "as is" without warranty of any kind. Ebrora accepts no liability for errors, omissions, or losses arising from use of this template.
A7: INTELLECTUAL PROPERTY: All design, layout, branding, and content remain the intellectual property of Ebrora.
A8: MODIFICATIONS: You may modify this template for your own use. Modified versions may not be distributed or sold.
A9: ATTRIBUTION: If you share outputs generated using this template, attribution to Ebrora (ebrora.com) is appreciated but not required.
A10: SUPPORT: For queries, feedback, or to report errors, contact support@ebrora.com.
A12: For our full range of professional construction management tools, visit ebrora.com.
